{
	"credit": "Made with Blockbench",
	"parent": "block/thin_block",
	"textures": {
		"particle": "#top"
	},
	"elements": [
		{
			"from": [0, 0, 13],
			"to": [16, 16, 16],
			"faces": {
				"north": {"uv": [16, 16, 0, 0], "texture": "#top"},
				"east": {"uv": [0, 9, 16, 12], "rotation": 270, "texture": "#side", "cullface": "east"},
				"south": {"uv": [16, 16, 0, 0], "texture": "#top", "cullface": "south"},
				"west": {"uv": [16, 3, 0, 6], "rotation": 90, "texture": "#side", "cullface": "west"},
				"up": {"uv": [0, 3, 16, 0], "texture": "#side", "cullface": "up"},
				"down": {"uv": [0, 6, 16, 9], "texture": "#side", "cullface": "down"}
			}
		}
	]
}