{
	"credit": "Made with Blockbench",
	"textures": {
		"0": "blocks/sadcrow",
		"particle": "blocks/sadcrow"
	},
	"elements": [
		{
			"name": "_arm2",
			"from": [20.5807, 15.4269, 6],
			"to": [20.5807, 19.4269, 10],
			"rotation": {"angle": -22.5, "axis": "z", "origin": [16.0807, 21.9269, 8]},
			"faces": {
				"north": {"uv": [1, 4, 2, 5], "rotation": 90, "texture": "#missing"},
				"east": {"uv": [1, 4, 2, 5], "rotation": 90, "texture": "#0"},
				"south": {"uv": [1, 4, 2, 5], "rotation": 90, "texture": "#missing"},
				"west": {"uv": [1, 5, 2, 4], "rotation": 90, "texture": "#0"},
				"up": {"uv": [1, 4, 2, 5], "rotation": 90, "texture": "#missing"},
				"down": {"uv": [1, 4, 2, 5], "rotation": 90, "texture": "#missing"}
			}
		},
		{
			"name": "fence",
			"from": [7, 0, 7],
			"to": [9, 16, 9],
			"faces": {
				"north": {"uv": [12, 0, 12.5, 4], "texture": "#0"},
				"east": {"uv": [13.5, 0, 14, 4], "texture": "#0"},
				"south": {"uv": [12.5, 0, 13, 4], "texture": "#0"},
				"west": {"uv": [13, 0, 13.5, 4], "texture": "#0"},
				"up": {"uv": [15.5, 0, 16, 0.5], "texture": "#0"},
				"down": {"uv": [15.5, 0, 16, 0.5], "texture": "#0"}
			}
		},
		{
			"name": "head",
			"from": [4, 21, 4],
			"to": [12, 29, 12],
			"faces": {
				"north": {"uv": [2, 2, 4, 4], "texture": "#0"},
				"east": {"uv": [6, 2, 8, 4], "texture": "#0"},
				"south": {"uv": [4, 2, 6, 4], "texture": "#0"},
				"west": {"uv": [0, 2, 2, 4], "texture": "#0"},
				"up": {"uv": [2, 0, 4, 2], "texture": "#0"},
				"down": {"uv": [4, 0, 6, 2], "texture": "#0"}
			}
		},
		{
			"name": "body",
			"from": [4, 9, 6],
			"to": [12, 21, 10],
			"faces": {
				"north": {"uv": [5, 5, 7, 8], "texture": "#0"},
				"east": {"uv": [9, 5, 10, 8], "texture": "#0"},
				"south": {"uv": [7, 5, 9, 8], "texture": "#0"},
				"west": {"uv": [4, 5, 5, 8], "texture": "#0"},
				"up": {"uv": [5, 4, 7, 5], "texture": "#0"},
				"down": {"uv": [7, 4, 9, 5], "texture": "#0"}
			}
		},
		{
			"name": "_body",
			"from": [4, 12, 6],
			"to": [12, 12.01, 10],
			"faces": {
				"north": {"uv": [5, 4, 7, 5], "texture": "#0"},
				"east": {"uv": [5, 4, 7, 5], "texture": "#0"},
				"south": {"uv": [5, 4, 7, 5], "texture": "#0"},
				"west": {"uv": [5, 4, 7, 5], "texture": "#0"},
				"up": {"uv": [5, 4, 7, 5], "texture": "#0"},
				"down": {"uv": [5, 4, 7, 5], "texture": "#0"}
			}
		},
		{
			"name": "arm1",
			"from": [-8.08783, 15.89558, 6],
			"to": [3.91217, 19.89558, 10],
			"rotation": {"angle": 22.5, "axis": "z", "origin": [2.66217, 17.14558, 8]},
			"faces": {
				"north": {"uv": [1, 5, 2, 8], "rotation": 270, "texture": "#0"},
				"east": {"uv": [1, 4, 2, 5], "rotation": 270, "texture": "#0"},
				"south": {"uv": [0, 5, 1, 8], "rotation": 90, "texture": "#0"},
				"up": {"uv": [2, 5, 3, 8], "rotation": 90, "texture": "#0"},
				"down": {"uv": [3, 5, 4, 8], "rotation": 90, "texture": "#0"}
			}
		},
		{
			"name": "_arm1",
			"from": [-2.08783, 15.89558, 6],
			"to": [-2.08783, 19.89558, 10],
			"rotation": {"angle": 22.5, "axis": "z", "origin": [2.66217, 17.14558, 8]},
			"faces": {
				"north": {"uv": [1, 5, 2, 4], "rotation": 270, "texture": "#missing"},
				"east": {"uv": [1, 5, 2, 4], "rotation": 270, "texture": "#0"},
				"south": {"uv": [1, 4, 2, 5], "rotation": 270, "texture": "#missing"},
				"west": {"uv": [1, 4, 2, 5], "rotation": 270, "texture": "#0"},
				"up": {"uv": [1, 4, 2, 5], "rotation": 270, "texture": "#missing"},
				"down": {"uv": [1, 4, 2, 5], "rotation": 270, "texture": "#missing"}
			}
		},
		{
			"name": "arm2",
			"from": [14.5807, 15.4269, 6],
			"to": [26.5807, 19.4269, 10],
			"rotation": {"angle": -22.5, "axis": "z", "origin": [16.0807, 21.9269, 8]},
			"faces": {
				"north": {"uv": [1, 5, 2, 8], "rotation": 90, "texture": "#0"},
				"south": {"uv": [0, 5, 1, 8], "rotation": 270, "texture": "#0"},
				"west": {"uv": [1, 4, 2, 5], "rotation": 270, "texture": "#0"},
				"up": {"uv": [2, 5, 3, 8], "rotation": 270, "texture": "#0"},
				"down": {"uv": [3, 5, 4, 8], "rotation": 270, "texture": "#0"}
			}
		},
		{
			"name": "hat_base",
			"from": [1, 29, 1],
			"to": [15, 29.002, 15],
			"faces": {
				"up": {"uv": [12.5, 16, 16, 12.5], "texture": "#0"},
				"down": {"uv": [12.5, 12.5, 16, 16], "texture": "#0"}
			}
		},
		{
			"name": "hat_box",
			"from": [4, 29, 4],
			"to": [12, 32, 12],
			"faces": {
				"north": {"uv": [10.5, 14.25, 12.5, 15], "texture": "#0"},
				"east": {"uv": [10.5, 14.25, 12.5, 15], "texture": "#0"},
				"south": {"uv": [10.5, 14.25, 12.5, 15], "texture": "#0"},
				"west": {"uv": [10.5, 14.25, 12.5, 15], "texture": "#0"},
				"up": {"uv": [13.25, 13.25, 15.25, 15.25], "texture": "#0"},
				"down": {"uv": [13.25, 13.25, 15.25, 15.25], "texture": "#0"}
			}
		},
		{
			"name": "body1",
			"from": [3.5, 9, 5.5],
			"to": [12.5, 21, 5.5],
			"rotation": {"angle": 0, "axis": "y", "origin": [7.75, 8, 8]},
			"faces": {
				"north": {"uv": [5, 9, 7, 12], "texture": "#0", "tintindex": 0},
				"south": {"uv": [7, 9, 5, 12], "texture": "#0", "tintindex": 0}
			}
		},
		{
			"name": "body2",
			"from": [3.5, 9, 10.5],
			"to": [12.5, 21, 10.5],
			"rotation": {"angle": 0, "axis": "y", "origin": [7.75, 8, 8]},
			"faces": {
				"north": {"uv": [8, 9, 10, 12], "texture": "#0", "tintindex": 0},
				"south": {"uv": [10, 9, 8, 12], "texture": "#0", "tintindex": 0}
			}
		},
		{
			"name": "body3",
			"from": [12.5, 9, 5.5],
			"to": [12.5, 21, 10.5],
			"rotation": {"angle": 0, "axis": "y", "origin": [7.75, 8, 8]},
			"faces": {
				"east": {"uv": [7, 9, 8, 12], "texture": "#0", "tintindex": 0},
				"west": {"uv": [8, 9, 7, 12], "texture": "#0", "tintindex": 0}
			}
		},
		{
			"name": "body4",
			"from": [3.5, 9, 5.5],
			"to": [3.5, 21, 10.5],
			"rotation": {"angle": 0, "axis": "y", "origin": [7.75, 8, 8]},
			"faces": {
				"east": {"uv": [5, 9, 4, 12], "texture": "#0", "tintindex": 0},
				"west": {"uv": [4, 9, 5, 12], "texture": "#0", "tintindex": 0}
			}
		},
		{
			"name": "arm1",
			"from": [-9.58783, 15.39558, 5.5],
			"to": [4.41217, 20.39558, 5.5],
			"rotation": {"angle": 22.5, "axis": "z", "origin": [2.66217, 17.14558, 8]},
			"faces": {
				"north": {"uv": [1, 9, 2, 12], "rotation": 270, "texture": "#0", "tintindex": 0},
				"south": {"uv": [2, 9, 1, 12], "rotation": 90, "texture": "#0", "tintindex": 0}
			}
		},
		{
			"name": "arm2",
			"from": [-9.58783, 15.39558, 10.5],
			"to": [4.41217, 20.39558, 10.5],
			"rotation": {"angle": 22.5, "axis": "z", "origin": [2.66217, 17.14558, 8]},
			"faces": {
				"north": {"uv": [2, 9, 3, 12], "rotation": 270, "texture": "#0", "tintindex": 0},
				"south": {"uv": [3, 9, 2, 12], "rotation": 90, "texture": "#0", "tintindex": 0}
			}
		},
		{
			"name": "arm3",
			"from": [-9.58783, 15.39558, 5.5],
			"to": [4.41217, 15.40558, 10.5],
			"rotation": {"angle": 22.5, "axis": "z", "origin": [2.66217, 17.14558, 8]},
			"faces": {
				"up": {"uv": [0, 9, 1, 12], "rotation": 90, "texture": "#0", "tintindex": 0},
				"down": {"uv": [0, 9, 1, 12], "rotation": 90, "texture": "#0", "tintindex": 0}
			}
		},
		{
			"name": "arm4",
			"from": [-9.58783, 20.38559, 5.5],
			"to": [4.41217, 20.39559, 10.5],
			"rotation": {"angle": 22.5, "axis": "z", "origin": [2.66217, 17.14558, 8]},
			"faces": {
				"up": {"uv": [0, 9, 1, 12], "rotation": 90, "texture": "#0", "tintindex": 0},
				"down": {"uv": [0, 9, 1, 12], "rotation": 90, "texture": "#0", "tintindex": 0}
			}
		},
		{
			"name": "arm5",
			"from": [4.41217, 15.39558, 5.5],
			"to": [4.41217, 20.39558, 10.5],
			"rotation": {"angle": 22.5, "axis": "z", "origin": [2.66217, 17.14558, 8]},
			"faces": {
				"east": {"uv": [1, 9, 2, 8], "rotation": 90, "texture": "#0", "tintindex": 0},
				"west": {"uv": [1, 8, 2, 9], "rotation": 90, "texture": "#0", "tintindex": 0}
			}
		},
		{
			"name": "arm1",
			"from": [13.6282, 14.70065, 5.5],
			"to": [27.6282, 19.70065, 5.5],
			"rotation": {"angle": -22.5, "axis": "z", "origin": [16.0807, 21.9269, 8]},
			"faces": {
				"north": {"uv": [1, 9, 2, 12], "rotation": 90, "texture": "#0", "tintindex": 0},
				"south": {"uv": [2, 9, 1, 12], "rotation": 270, "texture": "#0", "tintindex": 0}
			}
		},
		{
			"name": "arm2",
			"from": [13.6282, 14.70065, 10.5],
			"to": [27.6282, 19.70065, 10.5],
			"rotation": {"angle": -22.5, "axis": "z", "origin": [16.0807, 21.9269, 8]},
			"faces": {
				"north": {"uv": [3, 9, 2, 12], "rotation": 90, "texture": "#0", "tintindex": 0},
				"south": {"uv": [2, 9, 3, 12], "rotation": 270, "texture": "#0", "tintindex": 0}
			}
		},
		{
			"name": "arm3",
			"from": [13.6282, 19.69066, 5.5],
			"to": [27.6282, 19.70066, 10.5],
			"rotation": {"angle": -22.5, "axis": "z", "origin": [16.0807, 21.9269, 8]},
			"faces": {
				"up": {"uv": [0, 9, 1, 12], "rotation": 270, "texture": "#0", "tintindex": 0},
				"down": {"uv": [0, 9, 1, 12], "rotation": 270, "texture": "#0", "tintindex": 0}
			}
		},
		{
			"name": "arm4",
			"from": [13.6282, 14.70065, 5.5],
			"to": [27.6282, 14.71065, 10.5],
			"rotation": {"angle": -22.5, "axis": "z", "origin": [16.0807, 21.9269, 8]},
			"faces": {
				"up": {"uv": [0, 9, 1, 12], "rotation": 270, "texture": "#0", "tintindex": 0},
				"down": {"uv": [0, 9, 1, 12], "rotation": 270, "texture": "#0", "tintindex": 0}
			}
		},
		{
			"name": "arm5",
			"from": [13.6282, 14.70065, 5.5],
			"to": [13.6282, 19.70065, 10.5],
			"rotation": {"angle": -22.5, "axis": "z", "origin": [16.0807, 21.9269, 8]},
			"faces": {
				"east": {"uv": [1, 8, 2, 9], "rotation": 270, "texture": "#0", "tintindex": 0},
				"west": {"uv": [1, 9, 2, 8], "rotation": 270, "texture": "#0", "tintindex": 0}
			}
		}
	],
	"display": {
		"thirdperson_righthand": {
			"rotation": [75, 45, 0],
			"scale": [0.375, 0.375, 0.375]
		},
		"thirdperson_lefthand": {
			"rotation": [75, 45, 0],
			"scale": [0.375, 0.375, 0.375]
		},
		"firstperson_righthand": {
			"rotation": [10, 180, 0],
			"scale": [0.4, 0.4, 0.4]
		},
		"firstperson_lefthand": {
			"rotation": [10, -180, 0],
			"scale": [0.4, 0.4, 0.4]
		},
		"ground": {
			"scale": [0.25, 0.25, 0.25]
		},
		"gui": {
			"rotation": [30, 225, 0],
			"translation": [0, -4, 0],
			"scale": [0.5, 0.5, 0.5]
		},
		"head": {
			"translation": [0, -34.6, 0],
			"scale": [1.69, 1.69, 1.69]
		},
		"fixed": {
			"translation": [0, 0, 17],
			"scale": [2, 2, 2]
		}
	},
	"groups": [
		{
			"name": "scarecrow",
			"origin": [8, 8, 8],
			"children": [0, 1, 2, 3, 4, 5, 6, 7, 8, 9]
		},
		{
			"name": "armor",
			"origin": [8, 8, 8],
			"children": [
				{
					"name": "body",
					"origin": [8, 8, 8],
					"children": [10, 11, 12, 13,
						{
							"name": "arm1",
							"origin": [8, 8, 8],
							"children": [14, 15, 16, 17, 18]
						}
					]
				},
				{
					"name": "arm2",
					"origin": [8, 8, 8],
					"children": [19, 20, 21, 22, 23]
				}
			]
		}
	]
}