{
	"credit": "Made with Blockbench",
	"textures": {
		"0": "blocks/flower_crown",
		"particle": "blocks/flower_crown"
	},
	"elements": [
		{
			"name": "1",
			"from": [3.747, 0, 3.75],
			"to": [3.777, 8, 12.25],
			"rotation": {"angle": 0, "axis": "y", "origin": [8, 1, 8]},
			"faces": {
				"east": {"uv": [12, 4, 8, 8], "texture": "#0", "tintindex": 0},
				"west": {"uv": [8, 4, 12, 8], "texture": "#0", "tintindex": 0}
			}
		},
		{
			"name": "2",
			"from": [12.25, 0, 3.75],
			"to": [12.28, 8, 12.25],
			"rotation": {"angle": 0, "axis": "y", "origin": [8, 1, 8]},
			"faces": {
				"east": {"uv": [0, 4, 4, 8], "texture": "#0", "tintindex": 0},
				"west": {"uv": [4, 4, 0, 8], "texture": "#0", "tintindex": 0}
			}
		},
		{
			"name": "3",
			"from": [3.75, 0, 12.25],
			"to": [12.25, 8, 12.28],
			"rotation": {"angle": 0, "axis": "y", "origin": [8, 1, 8]},
			"faces": {
				"north": {"uv": [16, 4, 12, 8], "texture": "#0", "tintindex": 0},
				"south": {"uv": [12, 4, 16, 8], "texture": "#0", "tintindex": 0}
			}
		},
		{
			"name": "4",
			"from": [3.75, 0, 3.75],
			"to": [12.25, 8, 3.78],
			"rotation": {"angle": 0, "axis": "y", "origin": [8, 1, 8]},
			"faces": {
				"north": {"uv": [4, 4, 8, 8], "texture": "#0", "tintindex": 0},
				"south": {"uv": [8, 4, 4, 8], "texture": "#0", "tintindex": 0}
			}
		}
	],
	"display": {
		"thirdperson_righthand": {
			"rotation": [75, 45, 0],
			"translation": [0, 2.5, 4.75],
			"scale": [0.7, 0.7, 0.7]
		},
		"thirdperson_lefthand": {
			"rotation": [75, 45, 0],
			"translation": [0, 2.5, 4.75],
			"scale": [0.7, 0.7, 0.7]
		},
		"firstperson_righthand": {
			"rotation": [0, 45, 0],
			"translation": [0, 8, 0],
			"scale": [0.7, 0.7, 0.7]
		},
		"firstperson_lefthand": {
			"rotation": [0, 45, 0],
			"translation": [0, 8, 0],
			"scale": [0.7, 0.7, 0.7]
		},
		"ground": {
			"translation": [0, 4, 0],
			"scale": [0.7, 0.7, 0.7]
		},
		"gui": {
			"rotation": [30, 225, 0],
			"translation": [0, 3.5, 0]
		},
		"head": {
			"translation": [0, 6.5, 0],
			"scale": [1.62, 1.62, 1.62]
		},
		"fixed": {
			"translation": [0, 4, 0],
			"scale": [1.6, 1.6, 1.6]
		}
	}
}