{
	"credit": "Made with Blockbench",
	"textures": {
		"0": "blocks/witch_hat",
		"particle": "blocks/witch_hat"
	},
	"elements": [
		{
			"name": "hat_box",
			"from": [4, 2, 4],
			"to": [12, 6, 12],
			"rotation": {"angle": 0, "axis": "y", "origin": [8, 1, 8]},
			"faces": {
				"north": {"uv": [6, 5, 8, 6], "texture": "#0"},
				"east": {"uv": [0, 5, 2, 6], "texture": "#0"},
				"south": {"uv": [2, 5, 4, 6], "texture": "#0"},
				"west": {"uv": [4, 5, 6, 6], "texture": "#0"},
				"up": {"uv": [2, 3, 4, 5], "rotation": 180, "texture": "#0"},
				"down": {"uv": [4, 3, 6, 5], "rotation": 180, "texture": "#0"}
			}
		},
		{
			"name": "hat_1",
			"from": [3, 0, 3],
			"to": [13, 2, 13],
			"rotation": {"angle": 0, "axis": "y", "origin": [8, 1, 8]},
			"faces": {
				"north": {"uv": [7.5, 2.5, 10, 3], "texture": "#0"},
				"east": {"uv": [0, 2.5, 2.5, 3], "texture": "#0"},
				"south": {"uv": [2.5, 2.5, 5, 3], "texture": "#0"},
				"west": {"uv": [0, 2.5, 2.5, 3], "texture": "#0"},
				"up": {"uv": [2.5, 0, 5, 2.5], "rotation": 180, "texture": "#0"},
				"down": {"uv": [5, 0, 7.5, 2.5], "rotation": 180, "texture": "#0"}
			}
		},
		{
			"name": "hat_2",
			"from": [5.5, 5, 5.5],
			"to": [10.5, 9, 10.5],
			"rotation": {"angle": 0, "axis": "y", "origin": [8, 1, 8]},
			"faces": {
				"north": {"uv": [3.75, 7.25, 5, 8.25], "texture": "#0"},
				"east": {"uv": [0, 7.25, 1.25, 8.25], "texture": "#0"},
				"south": {"uv": [1.25, 7.25, 2.5, 8.25], "texture": "#0"},
				"west": {"uv": [2.5, 7.25, 3.75, 8.25], "texture": "#0"},
				"up": {"uv": [1.25, 6, 2.5, 7.25], "rotation": 180, "texture": "#0"},
				"down": {"uv": [2.5, 6, 3.75, 7.25], "rotation": 180, "texture": "#0"}
			}
		},
		{
			"name": "hat_3",
			"from": [7, 9, 7],
			"to": [9, 11, 9],
			"rotation": {"angle": 0, "axis": "y", "origin": [8, 1, 8]},
			"faces": {
				"north": {"uv": [1.5, 8.75, 2, 9.25], "texture": "#0"},
				"east": {"uv": [0, 8.75, 0.5, 9.25], "texture": "#0"},
				"south": {"uv": [0.5, 8.75, 1, 9.25], "texture": "#0"},
				"west": {"uv": [1, 8.75, 1.5, 9.25], "texture": "#0"},
				"up": {"uv": [0.5, 8.25, 1, 8.75], "rotation": 180, "texture": "#0"},
				"down": {"uv": [1, 8.25, 1.5, 8.75], "rotation": 180, "texture": "#0"}
			}
		}
	],
	"display": {
		"thirdperson_righthand": {
			"rotation": [75, 45, 0],
			"translation": [0, 2.5, 4.75],
			"scale": [0.7, 0.7, 0.7]
		},
		"thirdperson_lefthand": {
			"rotation": [75, 45, 0],
			"translation": [0, 2.5, 4.75],
			"scale": [0.7, 0.7, 0.7]
		},
		"firstperson_righthand": {
			"rotation": [0, 45, 0],
			"translation": [0, 8, 0],
			"scale": [0.7, 0.7, 0.7]
		},
		"firstperson_lefthand": {
			"rotation": [0, 45, 0],
			"translation": [0, 8, 0],
			"scale": [0.7, 0.7, 0.7]
		},
		"ground": {
			"translation": [0, 4, 0],
			"scale": [0.7, 0.7, 0.7]
		},
		"gui": {
			"rotation": [30, 225, 0],
			"translation": [0, 3.5, 0]
		},
		"head": {
			"rotation": [2, 180, 0],
			"translation": [0, 16, 0.4],
			"scale": [1.62, 1.62, 1.62]
		},
		"fixed": {
			"translation": [0, 4, 0],
			"scale": [1.6, 1.6, 1.6]
		}
	}
}