{
  "bonk": {
    "subtitles": "Bonk",
    "sounds": [
      "misc/bonk"
    ]
  },
  "block.note_block.banjo": {
    "subtitles": "Instrument played",
    "sounds": [
      "instruments/banjo"
    ]
  },
  "block.note_block.bell": {
    "subtitles": "Instrument played",
    "sounds": [
      "instruments/bell"
    ]
  },
  "block.note_block.bit": {
    "subtitles": "Instrument played",
    "sounds": [
      "instruments/bit"
    ]
  },
  "block.note_block.cow_bell": {
    "subtitles": "Instrument played",
    "sounds": [
      "instruments/cowbell"
    ]
  },
  "block.note_block.didgeridoo": {
    "subtitles": "Instrument played",
    "sounds": [
      "instruments/didgeridoo"
    ]
  },
  "block.note_block.ice_chime": {
    "subtitles": "Instrument played",
    "sounds": [
      "instruments/ice_chime"
    ]
  },
  "block.note_block.iron_xylophone": {
    "subtitles": "Instrument played",
    "sounds": [
      "instruments/iron_xylophone"
    ]
  },
  "block.note_block.slap_bass": {
    "subtitles": "Instrument played",
    "sounds": [
      "instruments/slap_bass"
    ]
  },
  "block.note_block.cymbal_hi-hat": {
    "subtitles": "Instrument played",
    "sounds": [
      "instruments/cymbal_hi-hat"
    ]
  },
  "block.note_block.cymbal_splash": {
    "subtitles": "Instrument played",
    "sounds": [
      "instruments/cymbal_splash"
    ]
  },
  "block.note_block.timpani": {
    "subtitles": "Instrument played",
    "sounds": [
      "instruments/timpani"
    ]
  },
  "block.note_block.harpsichord": {
    "subtitles": "Instrument played",
    "sounds": [
      "instruments/harpsichord"
    ]
  },
  "block.note_block.vibraphone": {
    "subtitles": "Instrument played",
    "sounds": [
      "instruments/vibraphone"
    ]
  },
  "block.note_block.piano": {
    "subtitles": "Instrument played",
    "sounds": [
      "instruments/piano"
    ]
  },
  "block.note_block.marimba": {
    "subtitles": "Instrument played",
    "sounds": [
      "instruments/marimba"
    ]
  },
  "block.note_block.celesta": {
    "subtitles": "Instrument played",
    "sounds": [
      "instruments/celesta"
    ]
  },
  "block.note_block.sitar": {
    "subtitles": "Instrument played",
    "sounds": [
      "instruments/sitar"
    ]
  },
  "block.note_block.music_box": {
    "subtitles": "Instrument played",
    "sounds": [
      "instruments/music_box"
    ]
  },
  "block.note_block.glockenspiel": {
    "subtitles": "Instrument played",
    "sounds": [
      "instruments/glockenspiel"
    ]
  },
  "item.war_horn": {
    "subtitles": "War Horn blown",
    "sounds": [
      "item/war_horn"
    ]
  },
  "ice_rod.use": {
    "subtitles": "Ice Rod used",
	"sounds": [
	  "item/ice_rod.use"
	]
  },
  "item.keystone.use": {
    "subtitles": "Keystone activated",
    "sounds": [
      "item/keystone.use"
    ]
  },
  "item.bag.open": {
    "subtitles": "Bag opens",
    "sounds": [
      "item/bag.open"
    ]
  },
  "item.bag.close": {
    "subtitles": "Bag closes",
    "sounds": [
      "item/bag.close"
    ]
  },
  "item.bottle.fill_experience": {
    "subtitles": "Bottle fills",
    "sounds": [
      "item/bottle.fill_experience"
    ]
  },
  "entity.player.eat": {
    "subtitles": "Eating",
    "sounds": [
      "misc/eat1",
      "misc/eat2",
      "misc/eat3"
    ]
  },
  "entity.player.drink": {
    "subtitles": "Sipping",
    "sounds": [
      "misc/drink"
    ]
  },
  "entity.iron_golem.repair": {
    "subtitles": "Iron Golem repaired",
    "sounds": [
      "entity/iron_golem.repair"
    ]
  },
  "block.wood.knock": {
    "subtitles": "Knocking",
    "sounds": [
      "block/wood.knock"
    ]
  },
  "block.metal.knock": {
    "subtitles": "Knocking",
    "sounds": [
      "block/metal.knock"
    ]
  },
  "block.waystone.discover": {
    "subtitles": "Waystone discovered",
    "sounds": [
      "block/waystone.discover"
    ]
  },
  "block.waystone.activate": {
    "subtitles": "Waystone activated",
    "sounds": [
      "block/waystone.activated"
    ]
  },
  "block.spawner.spawn": {
    "subtitles": "Spawner ignites",
    "sounds": [
      "block/spawner.spawn"
    ]
  }
}