{
	"credit": "Made with Blockbench",
	"parent": "item/generated",
	"textures": {
		"layer0": "item/shield"
	},
	"display": {
		"thirdperson_righthand": {
			"rotation": [45, 135, 0],
			"translation": [3, -2, -1],
			"scale": [2, 2, 1]
		},
		"thirdperson_lefthand": {
			"rotation": [45, 135, 0],
			"translation": [3, -2, -1],
			"scale": [2, 2, 1]
		},
		"firstperson_righthand": {
			"rotation": [0, 0, 5],
			"translation": [-3.5, -2.75, -2.5],
			"scale": [2.2, 2.2, 1.1]
		},
		"firstperson_lefthand": {
			"rotation": [0, 0, 5],
			"translation": [-3.5, -2.75, -2.5],
			"scale": [2.2, 2.2, 1.1]
		},
		"gui": {
			"rotation": [15, -25, -5],
			"translation": [-0.25, 0, 0],
			"scale": [0.8, 0.8, 0.8]
		}
	}
}