{
	"credit": "Made with Blockbench",
	"parent": "item/generated",
	"textures": {
		"layer0": "item/shield"
	},
	"display": {
		"thirdperson_righthand": {
			"rotation": [0, 90, 0],
			"translation": [2.5, -2, 3],
			"scale": [2, 2, 1]
		},
		"thirdperson_lefthand": {
			"rotation": [0, 90, 0],
			"translation": [2.5, -2, 3],
			"scale": [2, 2, 1]
		},
		"firstperson_righthand": {
			"rotation": [9, 1, -4],
			"translation": [0, -8, -3],
			"scale": [2.2, 2.2, 1.1]
		},
		"firstperson_lefthand": {
			"rotation": [9, 1, -4],
			"translation": [0, -8, -3],
			"scale": [2.2, 2.2, 1.1]
		},
		"ground": {
			"translation": [0, 2, 0],
			"scale": [1, 1, 0.5]
		},
		"gui": {
			"rotation": [15, -25, -5],
			"translation": [-0.25, 0, 0],
			"scale": [0.8, 0.8, 0.8]
		},
		"fixed": {
			"scale": [2, 2, 1]
		}
	}
}