{
	"credit": "Made with Blockbench",
	"textures": {
		"0": "blocks/scarecrow"
	},
	"elements": [
		{
			"name": "arm1",
			"from": [13.60711, 14.43387, 10.49094],
			"to": [27.60711, 19.43387, 10.49094],
			"rotation": {"angle": 22.5, "axis": "z", "origin": [7.1076, 14.42126, 7.99883]},
			"faces": {
				"north": {"uv": [2, 9, 1, 12], "rotation": 90, "texture": "#0", "tintindex": 0},
				"south": {"uv": [1, 9, 2, 12], "rotation": 270, "texture": "#0", "tintindex": 0}
			}
		},
		{
			"name": "arm2",
			"from": [13.60711, 14.43387, 5.51094],
			"to": [27.60711, 19.43387, 5.51094],
			"rotation": {"angle": 22.5, "axis": "z", "origin": [7.1076, 14.42126, 7.99883]},
			"faces": {
				"north": {"uv": [3, 9, 2, 12], "rotation": 90, "texture": "#0", "tintindex": 0},
				"south": {"uv": [2, 9, 3, 12], "rotation": 270, "texture": "#0", "tintindex": 0}
			}
		},
		{
			"name": "arm3",
			"from": [13.60711, 14.43387, 5.50094],
			"to": [27.60711, 14.44387, 10.50094],
			"rotation": {"angle": 22.5, "axis": "z", "origin": [7.1076, 14.42126, 7.99883]},
			"faces": {
				"up": {"uv": [0, 9, 1, 12], "rotation": 270, "texture": "#0", "tintindex": 0},
				"down": {"uv": [0, 9, 1, 12], "rotation": 270, "texture": "#0", "tintindex": 0}
			}
		},
		{
			"name": "arm4",
			"from": [13.60711, 19.42388, 5.50094],
			"to": [27.60711, 19.43388, 10.50094],
			"rotation": {"angle": 22.5, "axis": "z", "origin": [7.1076, 14.42126, 7.99883]},
			"faces": {
				"up": {"uv": [0, 9, 1, 12], "rotation": 270, "texture": "#0", "tintindex": 0},
				"down": {"uv": [0, 9, 1, 12], "rotation": 270, "texture": "#0", "tintindex": 0}
			}
		},
		{
			"name": "arm5",
			"from": [13.60711, 14.43387, 5.50094],
			"to": [13.60711, 19.43387, 10.50094],
			"rotation": {"angle": 22.5, "axis": "z", "origin": [7.1076, 14.42126, 7.99883]},
			"faces": {
				"east": {"uv": [1, 8, 2, 9], "rotation": 90, "texture": "#0", "tintindex": 0},
				"west": {"uv": [1, 9, 2, 8], "rotation": 90, "texture": "#0", "tintindex": 0}
			}
		},
		{
			"name": "_arm1",
			"from": [19.60711, 14.93387, 6.00094],
			"to": [19.60711, 18.93387, 10.00094],
			"rotation": {"angle": 22.5, "axis": "z", "origin": [7.1076, 14.42126, 7.99883]},
			"faces": {
				"north": {"uv": [1, 4, 2, 5], "rotation": 270, "texture": "#missing"},
				"east": {"uv": [1, 4, 2, 5], "rotation": 270, "texture": "#0"},
				"south": {"uv": [1, 5, 2, 4], "rotation": 270, "texture": "#missing"},
				"west": {"uv": [1, 5, 2, 4], "rotation": 270, "texture": "#0"},
				"up": {"uv": [1, 4, 2, 5], "rotation": 90, "texture": "#missing"},
				"down": {"uv": [1, 4, 2, 5], "rotation": 90, "texture": "#missing"}
			}
		},
		{
			"name": "arm1",
			"from": [13.61711, 14.93387, 6.00094],
			"to": [25.61711, 18.93387, 10.00094],
			"rotation": {"angle": 22.5, "axis": "z", "origin": [7.1076, 14.42126, 7.99883]},
			"faces": {
				"north": {"uv": [0, 5, 1, 8], "rotation": 90, "texture": "#0"},
				"south": {"uv": [1, 5, 2, 8], "rotation": 270, "texture": "#0"},
				"west": {"uv": [1, 4, 2, 5], "rotation": 270, "texture": "#0"},
				"up": {"uv": [2, 5, 3, 8], "rotation": 270, "texture": "#0"},
				"down": {"uv": [3, 5, 4, 8], "rotation": 270, "texture": "#0"}
			}
		},
		{
			"name": "arm1",
			"from": [-12.0577, 14.13227, 10.48247],
			"to": [1.9423, 19.13227, 10.48247],
			"rotation": {"angle": -22.5, "axis": "z", "origin": [9.43844, 13.12554, 8.00058]},
			"faces": {
				"north": {"uv": [2, 9, 1, 12], "rotation": 270, "texture": "#0", "tintindex": 0},
				"south": {"uv": [1, 9, 2, 12], "rotation": 90, "texture": "#0", "tintindex": 0}
			}
		},
		{
			"name": "arm2",
			"from": [-12.0577, 14.13227, 5.50247],
			"to": [1.9423, 19.13227, 5.50247],
			"rotation": {"angle": -22.5, "axis": "z", "origin": [9.43844, 13.12554, 8.00058]},
			"faces": {
				"north": {"uv": [2, 9, 3, 12], "rotation": 270, "texture": "#0", "tintindex": 0},
				"south": {"uv": [3, 9, 2, 12], "rotation": 90, "texture": "#0", "tintindex": 0}
			}
		},
		{
			"name": "arm3",
			"from": [-12.0577, 19.12228, 5.49247],
			"to": [1.9423, 19.13228, 10.49247],
			"rotation": {"angle": -22.5, "axis": "z", "origin": [9.43844, 13.12554, 8.00058]},
			"faces": {
				"up": {"uv": [0, 9, 1, 12], "rotation": 90, "texture": "#0", "tintindex": 0},
				"down": {"uv": [0, 9, 1, 12], "rotation": 90, "texture": "#0", "tintindex": 0}
			}
		},
		{
			"name": "arm4",
			"from": [-12.0577, 14.13227, 5.49247],
			"to": [1.9423, 14.14227, 10.49247],
			"rotation": {"angle": -22.5, "axis": "z", "origin": [9.43844, 13.12554, 8.00058]},
			"faces": {
				"up": {"uv": [0, 9, 1, 12], "rotation": 90, "texture": "#0", "tintindex": 0},
				"down": {"uv": [0, 9, 1, 12], "rotation": 90, "texture": "#0", "tintindex": 0}
			}
		},
		{
			"name": "arm5",
			"from": [1.9423, 14.13227, 5.49247],
			"to": [1.9423, 19.13227, 10.49247],
			"rotation": {"angle": -22.5, "axis": "z", "origin": [9.43844, 13.12554, 8.00058]},
			"faces": {
				"east": {"uv": [1, 9, 2, 8], "rotation": 270, "texture": "#0", "tintindex": 0},
				"west": {"uv": [1, 8, 2, 9], "rotation": 270, "texture": "#0", "tintindex": 0}
			}
		},
		{
			"name": "arm2",
			"from": [-10.2602, 14.85852, 5.99247],
			"to": [1.7398, 18.85852, 9.99247],
			"rotation": {"angle": -22.5, "axis": "z", "origin": [9.43844, 13.12554, 8.00058]},
			"faces": {
				"north": {"uv": [0, 5, 1, 8], "rotation": 270, "texture": "#0"},
				"east": {"uv": [1, 4, 2, 5], "rotation": 270, "texture": "#0"},
				"south": {"uv": [1, 5, 2, 8], "rotation": 90, "texture": "#0"},
				"up": {"uv": [2, 5, 3, 8], "rotation": 90, "texture": "#0"},
				"down": {"uv": [3, 5, 4, 8], "rotation": 90, "texture": "#0"}
			}
		},
		{
			"name": "_arm2",
			"from": [-4.0102, 14.85852, 5.99247],
			"to": [-4.0102, 18.85852, 9.99247],
			"rotation": {"angle": -22.5, "axis": "z", "origin": [9.43844, 13.12554, 8.00058]},
			"faces": {
				"north": {"uv": [1, 4, 2, 5], "rotation": 90, "texture": "#missing"},
				"east": {"uv": [1, 5, 2, 4], "rotation": 90, "texture": "#0"},
				"south": {"uv": [1, 4, 2, 5], "rotation": 90, "texture": "#missing"},
				"west": {"uv": [1, 4, 2, 5], "rotation": 90, "texture": "#0"},
				"up": {"uv": [1, 4, 2, 5], "rotation": 270, "texture": "#missing"},
				"down": {"uv": [1, 4, 2, 5], "rotation": 270, "texture": "#missing"}
			}
		},
		{
			"name": "fence",
			"from": [7, 0, 7],
			"to": [9, 16, 9],
			"rotation": {"angle": 0, "axis": "y", "origin": [8, 16, 8]},
			"faces": {
				"north": {"uv": [12.5, 0, 13, 4], "texture": "#0"},
				"east": {"uv": [13, 0, 13.5, 4], "texture": "#0"},
				"south": {"uv": [12, 0, 12.5, 4], "texture": "#0"},
				"west": {"uv": [13.5, 0, 14, 4], "texture": "#0"},
				"up": {"uv": [12.5, 4, 13, 4.5], "rotation": 180, "texture": "#0"},
				"down": {"uv": [13, 4, 13.5, 4.5], "rotation": 180, "texture": "#0"}
			}
		},
		{
			"name": "head",
			"from": [4.01, 21.01, 4.01],
			"to": [11.99, 28.99, 11.99],
			"rotation": {"angle": 0, "axis": "y", "origin": [8, 16, 8]},
			"faces": {
				"north": {"uv": [4, 2, 6, 4], "texture": "#0"},
				"east": {"uv": [0, 2, 2, 4], "texture": "#0"},
				"south": {"uv": [2, 2, 4, 4], "texture": "#0"},
				"west": {"uv": [6, 2, 8, 4], "texture": "#0"},
				"up": {"uv": [2, 0, 4, 2], "rotation": 180, "texture": "#0"},
				"down": {"uv": [4, 0, 6, 2], "rotation": 180, "texture": "#0"}
			}
		},
		{
			"name": "body",
			"from": [4, 9, 6],
			"to": [12, 21, 10],
			"rotation": {"angle": 0, "axis": "y", "origin": [8, 16, 8]},
			"faces": {
				"north": {"uv": [7, 5, 9, 8], "texture": "#0"},
				"east": {"uv": [4, 5, 5, 8], "texture": "#0"},
				"south": {"uv": [5, 5, 7, 8], "texture": "#0"},
				"west": {"uv": [9, 5, 10, 8], "texture": "#0"},
				"up": {"uv": [5, 4, 7, 5], "rotation": 180, "texture": "#0"},
				"down": {"uv": [7, 4, 9, 5], "rotation": 180, "texture": "#0"}
			}
		},
		{
			"name": "_body",
			"from": [4, 12, 6],
			"to": [12, 12.01, 10],
			"rotation": {"angle": 0, "axis": "y", "origin": [8, 16, 8]},
			"faces": {
				"north": {"uv": [5, 4, 7, 5], "texture": "#0"},
				"east": {"uv": [5, 4, 7, 5], "texture": "#0"},
				"south": {"uv": [5, 4, 7, 5], "texture": "#0"},
				"west": {"uv": [5, 4, 7, 5], "texture": "#0"},
				"up": {"uv": [5, 4, 7, 5], "rotation": 180, "texture": "#0"},
				"down": {"uv": [5, 4, 7, 5], "rotation": 180, "texture": "#0"}
			}
		},
		{
			"name": "body1",
			"from": [3.5, 9, 10.5],
			"to": [12.5, 21, 10.5],
			"rotation": {"angle": 0, "axis": "y", "origin": [8, 16, 8]},
			"faces": {
				"north": {"uv": [7, 9, 5, 12], "texture": "#0", "tintindex": 0},
				"south": {"uv": [5, 9, 7, 12], "texture": "#0", "tintindex": 0}
			}
		},
		{
			"name": "body2",
			"from": [3.5, 9, 5.5],
			"to": [12.5, 21, 5.5],
			"rotation": {"angle": 0, "axis": "y", "origin": [8, 16, 8]},
			"faces": {
				"north": {"uv": [10, 9, 8, 12], "texture": "#0", "tintindex": 0},
				"south": {"uv": [8, 9, 10, 12], "texture": "#0", "tintindex": 0}
			}
		},
		{
			"name": "body3",
			"from": [3.5, 9, 5.5],
			"to": [3.5, 21, 10.5],
			"rotation": {"angle": 0, "axis": "y", "origin": [8, 16, 8]},
			"faces": {
				"east": {"uv": [8, 9, 7, 12], "texture": "#0", "tintindex": 0},
				"west": {"uv": [7, 9, 8, 12], "texture": "#0", "tintindex": 0}
			}
		},
		{
			"name": "body4",
			"from": [12.5, 9, 5.5],
			"to": [12.5, 21, 10.5],
			"rotation": {"angle": 0, "axis": "y", "origin": [8, 16, 8]},
			"faces": {
				"east": {"uv": [4, 9, 5, 12], "texture": "#0", "tintindex": 0},
				"west": {"uv": [5, 9, 4, 12], "texture": "#0", "tintindex": 0}
			}
		},
		{
			"name": "hat_base",
			"from": [1, 28, 1],
			"to": [15, 28.003, 15],
			"rotation": {"angle": 0, "axis": "y", "origin": [8, 16, 8]},
			"faces": {
				"north": {"uv": [10.5, 14.25, 12.5, 15], "texture": "#0"},
				"east": {"uv": [10.5, 14.25, 12.5, 15], "texture": "#0"},
				"south": {"uv": [10.5, 14.25, 12.5, 15], "texture": "#0"},
				"west": {"uv": [10.5, 14.25, 12.5, 15], "texture": "#0"},
				"up": {"uv": [12.5, 12.5, 16, 16], "rotation": 180, "texture": "#0"},
				"down": {"uv": [12.5, 16, 16, 12.5], "rotation": 180, "texture": "#0"}
			}
		},
		{
			"name": "hat_box",
			"from": [4, 28, 4],
			"to": [12, 31, 12],
			"rotation": {"angle": 0, "axis": "y", "origin": [8, 16, 8]},
			"faces": {
				"north": {"uv": [10.5, 14.25, 12.5, 15], "texture": "#0"},
				"east": {"uv": [10.5, 14.25, 12.5, 15], "texture": "#0"},
				"south": {"uv": [10.5, 14.25, 12.5, 15], "texture": "#0"},
				"west": {"uv": [10.5, 14.25, 12.5, 15], "texture": "#0"},
				"up": {"uv": [13.25, 13.25, 15.25, 15.25], "rotation": 180, "texture": "#0"},
				"down": {"uv": [13.25, 13.25, 15.25, 15.25], "rotation": 180, "texture": "#0"}
			}
		}
	],
	"display": {
		"thirdperson_righthand": {
			"rotation": [75, 45, 0],
			"translation": [0, 2.5, 0],
			"scale": [0.375, 0.375, 0.375]
		},
		"thirdperson_lefthand": {
			"rotation": [75, 45, 0],
			"translation": [0, 2.5, 0],
			"scale": [0.375, 0.375, 0.375]
		},
		"firstperson_righthand": {
			"rotation": [0, 45, 0],
			"scale": [0.4, 0.4, 0.4]
		},
		"firstperson_lefthand": {
			"rotation": [0, 225, 0],
			"scale": [0.4, 0.4, 0.4]
		},
		"ground": {
			"translation": [0, 3, 0],
			"scale": [0.25, 0.25, 0.25]
		},
		"gui": {
			"rotation": [30, 225, 0],
			"translation": [0.3, -3.25, 0],
			"scale": [0.5, 0.5, 0.5]
		},
		"head": {
			"rotation": [0, 180, 0],
			"translation": [0, -30, 0.4],
			"scale": [1.62, 1.62, 1.62]
		},
		"fixed": {
			"translation": [0, -3.75, 0],
			"scale": [0.5, 0.5, 0.5]
		}
	},
	"groups": [
		{
			"name": "arm1",
			"origin": [8, 8, 8],
			"children": [0, 1, 2, 3, 4, 5, 6]
		},
		{
			"name": "arm2",
			"origin": [8, 8, 8],
			"children": [7, 8, 9, 10, 11, 12, 13]
		},
		{
			"name": "scarecrow",
			"origin": [8, 8, 8],
			"children": [14, 15, 16, 17]
		},
		{
			"name": "body",
			"origin": [8, 8, 8],
			"children": [18, 19, 20, 21]
		},
		{
			"name": "straw_hat",
			"origin": [8, 8, 8],
			"children": [22, 23]
		}
	]
}